[{"model": "polls.question", "pk": 1, "fields": {"question_text": "什么", "pub_date": "2022-06-07T09:05:24Z"}}, {"model": "polls.question", "pk": 2, "fields": {"question_text": "肥胖的原因", "pub_date": "2022-06-10T09:26:00Z"}}, {"model": "polls.question", "pk": 4, "fields": {"question_text": "BMI是什么意思", "pub_date": "2022-06-10T09:28:00Z"}}, {"model": "polls.choice", "pk": 1, "fields": {"question": 1, "choice_text": "Not much", "votes": 0}}, {"model": "polls.choice", "pk": 2, "fields": {"question": 1, "choice_text": "The sky", "votes": 2}}, {"model": "polls.choice", "pk": 3, "fields": {"question": 2, "choice_text": "Just hacking again", "votes": 2}}, {"model": "polls.category", "pk": 2, "fields": {"name": "人体消耗吸收", "index": 1}}, {"model": "polls.category", "pk": 3, "fields": {"name": "减肥方法", "index": 2}}, {"model": "polls.category", "pk": 4, "fields": {"name": "食物热量", "index": 3}}, {"model": "polls.category", "pk": 6, "fields": {"name": "营养与疾病", "index": 999}}, {"model": "polls.category", "pk": 7, "fields": {"name": "食物消化吸收", "index": 999}}, {"model": "polls.category", "pk": 8, "fields": {"name": "鼓励与坚持", "index": 5}}, {"model": "polls.tag", "pk": 2, "fields": {"name": "口腔消化"}}, {"model": "polls.tag", "pk": 3, "fields": {"name": "胃液消化"}}, {"model": "polls.tag", "pk": 4, "fields": {"name": "小肠消化吸收"}}, {"model": "polls.tag", "pk": 5, "fields": {"name": "大肠消化吸收"}}, {"model": "polls.tag", "pk": 6, "fields": {"name": "蛋白质热量"}}, {"model": "polls.tag", "pk": 7, "fields": {"name": "脂肪热量"}}, {"model": "polls.tag", "pk": 8, "fields": {"name": "糖热量"}}, {"model": "polls.tag", "pk": 9, "fields": {"name": "维生素"}}, {"model": "polls.tag", "pk": 10, "fields": {"name": "无机盐"}}, {"model": "polls.tag", "pk": 11, "fields": {"name": "热量大小"}}, {"model": "polls.tag", "pk": 12, "fields": {"name": "蛋白质"}}, {"model": "polls.tag", "pk": 13, "fields": {"name": "减肥方法"}}, {"model": "polls.tui", "pk": 1, "fields": {"name": "测试推荐位"}}, {"model": "polls.tui", "pk": 2, "fields": {"name": "热量知多少"}}, {"model": "polls.tui", "pk": 3, "fields": {"name": "食物消化吸收"}}, {"model": "polls.tui", "pk": 4, "fields": {"name": "首页推荐"}}, {"model": "polls.article", "pk": 2, "fields": {"title": "1卡有多少热量", "excerpt": "1卡是指一标准大气压下，1g水的温度提升1度所需要的热量；", "category": 4, "img": "article_img/2022/06/26/1卡.png", "body": "<p>&nbsp; &nbsp;<img src=\"https://gimg2.baidu.com/image_search/src=http%3A%2F%2Fgss0.baidu.com%2F-Po3dSag_xI4khGko9WTAnF6hhy%2Fzhidao%2Fpic%2Fitem%2Fb21c8701a18b87d69cf7d0c70b0828381e30fdb5.jpg&refer=http%3A%2F%2Fgss0.baidu.com&app=2002&size=f9999,10000&q=a80&n=0&g=0n&fmt=auto?sec=1658830348&t=d7b5659c4e86a5a2fe0bc4eb573c53cf\"/> </p><pre style=\"background-color:#2b2b2b;color:#a9b7c6;font-family:&#39;JetBrains Mono&#39;,monospace;font-size:9.8pt;\">1卡是指一标准大气压下，1g水的温度提升1度所需要的热量；</pre><p><br/></p>", "user": 1, "views": 9, "tui": 4, "created_time": "2022-06-26T10:08:59.286Z", "modified_time": "2022-06-29T15:37:46.093Z", "tags": [11]}}, {"model": "polls.article", "pk": 3, "fields": {"title": "三大营养素消化吸收", "excerpt": "碳水化合物， 脂肪，蛋白质消化吸收过程及供能原理", "category": 7, "img": "article_img/2022/06/26/碳水化合物脂肪蛋白质.png", "body": "<p><img src=\"/media/upimg/3136887612_62606412826_三大营养素消耗吸收过程_20220626184509_671.png\" title=\"\" alt=\"3136887612_62606412826_三大营养素消耗吸收过程.png\"/></p>", "user": 1, "views": 1, "tui": 3, "created_time": "2022-06-26T10:47:55.778Z", "modified_time": "2022-06-26T10:51:09.726Z", "tags": [2, 3, 4, 5]}}, {"model": "polls.article", "pk": 4, "fields": {"title": "蛋白质在人体的消化过程", "excerpt": "讲述蛋白质在人体内消化过程及产物", "category": 7, "img": "article_img/2022/06/26/蛋白质食物.webp", "body": "<p>想知道食物中蛋白质在人体内如何消化的吗</p><p><img src=\"/media/upimg/3136887612_62606553056_蛋白质的消耗吸收_20220626185821_189.png\" title=\"\" alt=\"3136887612_62606553056_蛋白质的消耗吸收.png\"/></p>", "user": 1, "views": 4, "tui": 4, "created_time": "2022-06-26T10:59:02.852Z", "modified_time": "2022-06-29T01:01:42.481Z", "tags": [4, 12]}}, {"model": "polls.article", "pk": 5, "fields": {"title": "基础代谢消耗了多少热量", "excerpt": "维持人体基本生命活动必须的能量消耗。成人需要总能量消耗的60%~70%用于基础能量消耗；", "category": 2, "img": "article_img/2022/06/26/基础代谢.webp", "body": "<pre style=\"background-color:#2b2b2b;color:#a9b7c6;font-family:&#39;宋体&#39;,monospace;font-size:9.8pt;\">维持人体基本生命活动必须的能量消耗。成人需要总能量消耗的60%~70%用于基础能量消耗；用基础代谢率来衡量一个人基础代谢水平的高低。基础代谢率就是人体在基础代谢状态下，每小时每平方米体表面积的能量消耗；公式BEE=体表面积（平方米）*BMR*24小时，其中体表面积为：体表面积=0.00659*身高(厘米)+0.0126*体重（千克)-0.1603;</pre><p><img src=\"https://gimg2.baidu.com/image_search/src=http%3A%2F%2F5b0988e595225.cdn.sohucs.com%2Fimages%2F20171221%2F67c438d833a44f71a39d81b6f61b8af9.jpeg&refer=http%3A%2F%2F5b0988e595225.cdn.sohucs.com&app=2002&size=f9999,10000&q=a80&n=0&g=0n&fmt=auto?sec=1658834010&t=ebd44588982eb993dcd242379fc61a4a\"/></p>", "user": 1, "views": 7, "tui": 4, "created_time": "2022-06-26T11:14:12.362Z", "modified_time": "2022-06-29T01:01:07.982Z", "tags": [11]}}, {"model": "polls.article", "pk": 6, "fields": {"title": "碳水化合物能量有多少", "excerpt": "1克碳水化合物在体内氧化产生4千卡的能量；慢跑一小时下来大概消耗的卡路里是500千卡", "category": 4, "img": "article_img/2022/06/26/碳水化合物热量.webp", "body": "<pre style=\"background-color:#2b2b2b;color:#a9b7c6;font-family:&#39;JetBrains Mono&#39;,monospace;font-size:9.8pt;\">1克碳水化合物在体内氧化产生4千卡的能量；慢跑一小时下来大概消耗的卡路里是500千卡</pre><p><img src=\"/media/upimg/image_20220626191931_372.png\" title=\"\" alt=\"image.png\"/></p>", "user": 1, "views": 1, "tui": 4, "created_time": "2022-06-26T11:19:45.459Z", "modified_time": "2022-06-28T10:22:49.751Z", "tags": [8]}}, {"model": "polls.article", "pk": 7, "fields": {"title": "乙醇（酒）的热量是多少", "excerpt": "1克乙醇在体内氧化产生7千卡的能量；慢跑一小时下来大概消耗的卡路里是500千卡", "category": 4, "img": "article_img/2022/06/26/乙醇酒的热量.webp", "body": "<pre style=\"background-color: rgb(43, 43, 43); color: rgb(169, 183, 198); font-family: &quot;JetBrains Mono&quot;, monospace; font-size: 9.8pt;\">1克乙醇在体内氧化产生7千卡的能量；慢跑一小时下来大概消耗的卡路里是500千卡</pre><p><img src=\"/media/upimg/image_20220626193240_767.png\" title=\"\" alt=\"image.png\"/></p>", "user": 1, "views": 2, "tui": 4, "created_time": "2022-06-26T11:29:47.245Z", "modified_time": "2022-06-26T11:32:50.385Z", "tags": [11]}}, {"model": "polls.article", "pk": 8, "fields": {"title": "口腔作用及消化", "excerpt": "在口腔内,由于咀嚼和唾液的作用,食物成为湿润的食团,并有少量淀粉开始化学分解。此后,食团由吞咽动作送入胃内。", "category": 2, "img": "article_img/2022/06/26/口腔消化.webp", "body": "<p>&nbsp; &nbsp;</p><pre style=\"background-color: rgb(43, 43, 43); color: rgb(169, 183, 198); font-family: 宋体, monospace; font-size: 9.8pt; text-align: left;\">&nbsp;<span style=\"font-size: 20px;\">在口腔内,由于咀嚼和唾液的作用,食物成为湿润的食团,并有少量淀粉开始化学分解。<br/>此后,食团由吞咽动作送入胃内。<br/>1.&nbsp;唾液及其作用&nbsp;唾液由三对大唾液腺(腮腺、颌下腺和舌下腺)以及分散舌和口腔黏<br/>膜的许多小唾液腺所分泌。正常成人每日分泌唾液约1～1.5&nbsp;L。唾液为无色无味近于中<br/>性(pH值6.6～7.1)的液体,其中水分约占99%。<br/>唾液的有机成分包括唾液淀粉酶、黏蛋白、溶菌酶、尿素和尿酸等,无机成分有钠、钾、<br/>钙...</span><br/></pre><p><img src=\"/media/upimg/3136887612_62608238028_口腔消化_20220626194937_535.png\" title=\"\" alt=\"3136887612_62608238028_口腔消化.png\"/></p>", "user": 1, "views": 4, "tui": 4, "created_time": "2022-06-26T11:50:15.219Z", "modified_time": "2022-06-29T17:09:41.392Z", "tags": [2]}}, {"model": "polls.article", "pk": 9, "fields": {"title": "人体消化系统", "excerpt": "消化系统(digestive system)由消化管和消化腺两大部分组成。消化管：包括口腔、咽、食管、胃、小肠（十二指肠、空肠、回肠）和大肠（盲肠、阑尾、结肠、直肠、肛管）等部。", "category": 2, "img": "article_img/2022/06/26/人体消化系统.jpg", "body": "<pre style=\"background-color:#2b2b2b;color:#a9b7c6;font-family:&#39;宋体&#39;,monospace;font-size:9.8pt;\"><span style=\"font-size: 20px;\">消化系统<span style=\"font-family: &quot;JetBrains Mono&quot;, monospace;\">(digestive system)</span>由消化管和消化腺两大部分组成。消化管：包括口腔、咽、<br/>食管、胃、小肠（十二指肠、空肠、回肠）和大肠（盲肠、阑尾、结肠、直肠、肛管）等<br/>部。临床上常把口腔到十二指肠的这一段称上消化道，空肠及以下的部分称下消化道。<br/>消化腺有小消化腺和大消化腺两种。小消化腺散在于消化管各部的管壁内，<br/>大消化腺有三对唾液腺（腮腺、下颌下腺、舌下腺）、肝脏和胰脏。<br/>消化系统是人体八大系统之一。</span><br/></pre><p><span style=\"font-size: 20px;\"></span><br/></p><p><img src=\"/media/upimg/3136887612_62608249720_消化系统_20220626195344_423_20220626195426_695.png\" title=\"\" alt=\"3136887612_62608249720_消化系统_20220626195344_423.png\"/></p>", "user": 1, "views": 1, "tui": 4, "created_time": "2022-06-26T11:57:47.833Z", "modified_time": "2022-06-29T01:09:44.662Z", "tags": [2, 3, 4, 5]}}, {"model": "polls.article", "pk": 10, "fields": {"title": "食物在胃中的消化吸收", "excerpt": "胃是消化道的重要组成部分,其主要的生理功能是容纳食物,以及对食物进行研磨,同时食物在胃酸和胃蛋白酶的作用下,其中的一些营养物质可在胃内进行初步的消化。胃上皮细胞内含有壁细胞,可分泌胃酸,胃酸的主要成分为盐酸,具有活化胃蛋白酶原的作用,在胃酸的作用下,胃蛋白酶原活化形成胃蛋白酶,从而对食物中的蛋白质成分进行初步的消化。", "category": 2, "img": "article_img/2022/06/26/胃的消化吸收.webp", "body": "<pre style=\"background-color:#2b2b2b;color:#a9b7c6;font-family:&#39;宋体&#39;,monospace;font-size:9.8pt;\"><span style=\"font-size: 20px;\">胃是消化道的重要组成部分<span style=\"font-family: &quot;JetBrains Mono&quot;, monospace;\">,</span>其主要的生理功能是容纳食物<span style=\"font-family: &quot;JetBrains Mono&quot;, monospace;\">,</span>以及对食物进行研磨<span style=\"font-family: &quot;JetBrains Mono&quot;, monospace;\">,</span>同时食物在胃酸和胃蛋白酶的作用下<span style=\"font-family: &quot;JetBrains Mono&quot;, monospace;\">,</span>其中的一些营<br/>养物质可在胃内进行初步的消化。胃上皮细胞内含有壁细胞<span style=\"font-family: &quot;JetBrains Mono&quot;, monospace;\">,</span>可分泌胃酸<span style=\"font-family: &quot;JetBrains Mono&quot;, monospace;\">,</span>胃酸的主要成分为盐酸<span style=\"font-family: &quot;JetBrains Mono&quot;, monospace;\">,</span>具有活化胃蛋白酶原的作用<span style=\"font-family: &quot;JetBrains Mono&quot;, monospace;\">,</span>在胃酸的<br/>作用下<span style=\"font-family: &quot;JetBrains Mono&quot;, monospace;\">,</span>胃蛋白酶原活化形成胃蛋白酶<span style=\"font-family: &quot;JetBrains Mono&quot;, monospace;\">,</span>从而对食物中的蛋白质成分进行初步的消化。</span><br/></pre><p><br/></p><p><img src=\"/media/upimg/3136887612_62608390031_胃的消化及吸收_20220626195817_819.png\" title=\"\" alt=\"3136887612_62608390031_胃的消化及吸收.png\"/></p>", "user": 1, "views": 0, "tui": 4, "created_time": "2022-06-26T12:06:14.371Z", "modified_time": "2022-06-26T12:06:14.371Z", "tags": [3]}}, {"model": "polls.article", "pk": 11, "fields": {"title": "小肠的消化及吸收过程", "excerpt": "小肠位于腹中，上端接幽门与胃相通，下端通过阑门与大肠相连，是食物消化吸收的主要场所。", "category": 2, "img": "article_img/2022/06/26/小肠的消化及吸收.webp", "body": "<p>&nbsp; &nbsp;</p><pre style=\"background-color:#2b2b2b;color:#a9b7c6;font-family:&#39;宋体&#39;,monospace;font-size:9.8pt;\"><span style=\"font-size: 20px;\">小肠位于腹中，上端接幽门与胃相通，下端通过阑门与大肠相连，是食物消化吸收的主要场所。小肠盘曲于腹腔内，上连胃幽门，<br/>下接盲肠，全长约<span style=\"font-family: &quot;JetBrains Mono&quot;, monospace;\">4-6</span>米，分为十二指肠、空肠和回肠三部分。小肠内消化是至关重要的，因为食物经过小肠内胰液、胆汁和小肠液<br/>的化学性消化及小肠运动的机械性消化后，基本上完成了消化过程，同时营养物质被小肠黏膜吸收了</span><br/></pre><p><br/></p><p><img src=\"/media/upimg/3136887612_62608328041_小肠的消化及吸收_20220626200647_937.png\" title=\"\" alt=\"3136887612_62608328041_小肠的消化及吸收.png\"/></p>", "user": 1, "views": 0, "tui": 4, "created_time": "2022-06-26T12:09:31.440Z", "modified_time": "2022-06-26T12:09:42.393Z", "tags": []}}, {"model": "polls.article", "pk": 12, "fields": {"title": "人体大肠的消化及吸收", "excerpt": "大肠，分为盲肠、阑尾、结肠、直肠和肛管，是对食物残渣中的水液进行吸收，而食物残渣自身形成粪便并有度排出的脏器。是人体消化系统的重要组成部分，为消化道的下段。", "category": 2, "img": "article_img/2022/06/26/大肠的消化及吸收.webp", "body": "<p></p><pre style=\"background-color:#2b2b2b;color:#a9b7c6;font-family:&#39;宋体&#39;,monospace;font-size:9.8pt;\"><span style=\"font-size: 20px;\">大肠，分为盲肠、阑尾、结肠、直肠和肛管，是对食物残渣中的水液进行吸收，而食物残渣自身形成粪便并有度排出的脏器。<br/>是人体消化系统的重要组成部分，为消化道的下段。大肠居于腹中，其上口在阑门处接小肠，其下端连接肛门。全程形似方框，<br/>围绕在空肠、回肠的周围。大肠在外形上与小肠有明显的不同，一般大肠口径较粗，肠壁较薄。</span><br/></pre><p><br/></p><p><img src=\"/media/upimg/3136887612_62608430477_大肠的消化及吸收_20220626201017_328.png\" title=\"\" alt=\"3136887612_62608430477_大肠的消化及吸收.png\"/></p>", "user": 1, "views": 0, "tui": 4, "created_time": "2022-06-26T12:13:01.977Z", "modified_time": "2022-06-26T12:13:01.977Z", "tags": [5]}}, {"model": "polls.article", "pk": 13, "fields": {"title": "人体七大营养素能量消耗及运动热量", "excerpt": "消耗能量的方法有3种：静息代谢、代谢食物（食物的热效应）和身体活动（运动的热效应）。", "category": 7, "img": "article_img/2022/06/26/七大营养素及身体消耗.webp", "body": "<p>&nbsp; &nbsp;</p><pre style=\"background-color:#2b2b2b;color:#a9b7c6;font-family:&#39;宋体&#39;,monospace;font-size:9.8pt;\"><span style=\"font-size: 20px;\">消耗能量的方法有3种：静息代谢、代谢食物（食物的热效应）和身体活动（运动的热效应）。</span><br/></pre><p><span style=\"font-size: 20px;\"></span><br/></p><p><img src=\"/media/upimg/3136887612_62608540819_人体能量消耗_20220626201334_793.png\" title=\"\" alt=\"3136887612_62608540819_人体能量消耗.png\"/></p>", "user": 1, "views": 0, "tui": 4, "created_time": "2022-06-26T12:20:05.394Z", "modified_time": "2022-06-26T12:20:56.735Z", "tags": [11]}}, {"model": "polls.article", "pk": 14, "fields": {"title": "五大减肥方法之一平衡膳食（CRD）", "excerpt": "通过饮食优化调整，限制能量总摄入，保证基本营养需求的膳食模式。限制总能量的摄入，保证摄入的能量小于消耗的能量，配合合理的运动，达到减肥的目的。CRD目前有3种类型：\r\n①在目标摄入能量基础上按一定比例递减（减少30%～50%）；\r\n②在目标摄入能量基础上每日减少500千卡左右；\r\n③每日供能1000～1500千卡。", "category": 3, "img": "article_img/2022/06/28/平衡膳食法.webp", "body": "<p><span style=\"color: rgb(38, 38, 38); font-family: 黑体, SimHei; text-indent: 28px; background-color: rgb(255, 255, 255);\"></span></p><pre style=\"background-color:#2b2b2b;color:#a9b7c6;font-family:&#39;宋体&#39;,monospace;font-size:9.8pt;\"><span style=\"font-size: 20px; color: rgb(247, 150, 70);\">平衡膳食（<span style=\"font-size: 20px; font-family: &quot;JetBrains Mono&quot;, monospace;\">CRD</span>）</span><br/><span style=\"font-size: 16px;\">通过饮食优化调整，限制能量总摄入，保证基本营养需求的膳食模式。限制总能量的摄入，保证摄入的能量<br/>小于消耗的能量，配合合理的运动，达到减肥的目的。<span style=\"font-family: &quot;JetBrains Mono&quot;, monospace;\">CRD</span>目前有<span style=\"font-family: &quot;JetBrains Mono&quot;, monospace;\">3</span>种类型：<br/>①在目标摄入能量基础上按一定比例递减（减少<span style=\"font-family: &quot;JetBrains Mono&quot;, monospace;\">30%</span>～<span style=\"font-family: &quot;JetBrains Mono&quot;, monospace;\">50%</span>）；<br/>②在目标摄入能量基础上每日减少<span style=\"font-family: &quot;JetBrains Mono&quot;, monospace;\">500</span>千卡左右；<br/>③每日供能<span style=\"font-family: &quot;JetBrains Mono&quot;, monospace;\">1000</span>～<span style=\"font-family: &quot;JetBrains Mono&quot;, monospace;\">1500</span>千卡。</span><br/><span style=\"font-size: 18px; color: rgb(247, 150, 70);\">优缺点及适用人群：</span><br/><span style=\"font-size: 16px;\">优点是安全有效，是医学专家和营养学家推荐的减肥方法之一。<br/>缺点是需要长期坚持，短期内效果一般，如果营养素比例控制不当，减去的可能是水分和蛋白质而不是脂肪。<br/>该模式适用于所有需要控制体重者<br/><br/><br/><span style=\"color: rgb(255, 192, 0); font-size: 20px;\">饮食原则：</span><br/><span style=\"font-size: 20px;\">控制总热量、平衡膳食，选择多样化、营养合理的食 物，少量进餐，定时定量进餐，<br/>不吸烟。</span><br/><br/>　<span style=\"font-size: 16px; color: rgb(255, 192, 0);\">　<span style=\"font-size: 18px;\">①控制饮食中的总能量：</span></span><span style=\"font-size: 18px;\">适当控制主食用量，提倡用粗制米、面和适量杂粮，限制甜食。<br/>　　<br/>　　<span style=\"font-size: 18px; color: rgb(255, 192, 0);\">②从肉、鱼、蛋、奶和大豆制品中获得优质蛋白质，<span style=\"font-size: 18px; color: rgb(255, 0, 0);\">伴有糖尿病肾病者限制吃大豆制品</span>。</span><br/>　　<br/>　<span style=\"font-size: 18px; color: rgb(255, 192, 0);\">　③饮食宜清淡， 低盐、 低脂饮食</span>：食盐用量不超过 5 克/日。避免吃含脂肪较多的食物和</span></span></pre><pre style=\"background-color:#2b2b2b;color:#a9b7c6;font-family:&#39;宋体&#39;,monospace;font-size:9.8pt;\"><span style=\"font-size: 16px;\"><span style=\"font-size: 18px;\"><br/>肥肉，如<span style=\"font-size: 18px; color: rgb(255, 0, 0);\">动物脂肪、油炸食品、奶油蛋糕等</span>，避免吃胆固醇含量较高的食物，<span style=\"font-size: 18px; color: rgb(255, 0, 0);\">如动物内脏、<br/>蛋 黄、鱼子、蟹黄等</span>。<br/>　　<br/>　　<span style=\"font-size: 18px; color: rgb(255, 192, 0);\">④多吃蔬菜限量吃水果：</span>新鲜蔬菜水果特别是深色蔬菜和水果，可提供丰富维生素、矿物质</span></span></pre><pre style=\"background-color:#2b2b2b;color:#a9b7c6;font-family:&#39;宋体&#39;,monospace;font-size:9.8pt;\"><span style=\"font-size: 16px;\"><span style=\"font-size: 18px;\"><br/>和膳食纤维，<br/>　　<span style=\"font-size: 18px; color: rgb(155, 187, 89);\">蔬菜可适当多吃，西红柿、黄瓜可用作充饥食品;</span><br/>　　<span style=\"font-size: 18px; color: rgb(84, 141, 212);\">多吃些海藻类、香菇、木耳、大蒜等食物有降胆固醇作用</span>。当血糖控制较好时可限量吃水果，<br/>　　 每日用量 200g，可选苹果、梨、桃、桔子、柚子、草莓等。<br/>　　<span style=\"font-size: 18px; color: rgb(192, 0, 0);\">注意不要选择口味较甜的水果。</span>当血糖控制不满意时，暂时不吃水果。<br/>　　<br/>　　<span style=\"font-size: 18px; color: rgb(255, 192, 0);\">⑤增加膳食纤维的摄入</span>：每日 25～30g，可延缓血糖、血脂吸收，保持大便通畅，并减少<br/>　　饥饿感。<br/>　　提倡食用绿叶蔬菜、豆类、块根类、粗谷物、含糖低的水果等。<br/>　　<br/>　　<span style=\"font-size: 18px; color: rgb(255, 192, 0);\">⑥饮食定时定量，平衡膳食。</span>三餐定时定量，有利于血糖稳定，并可避免出现低血糖。<br/>　　三餐饮食内容最好是主、副食搭配，餐餐都有含碳水化合物、蛋白质和脂肪的食品。<br/>　　尽量减少或不参加宴请等应酬。<br/>　　<br/>　　<span style=\"font-size: 18px; color: rgb(255, 192, 0);\">⑦限制饮酒，多饮水。</span>适量饮水利于体内代谢产物的排出和血糖的稀释。酒中含的酒精热量</span></span></pre><pre style=\"background-color:#2b2b2b;color:#a9b7c6;font-family:&#39;宋体&#39;,monospace;font-size:9.8pt;\"><span style=\"font-size: 16px;\"><span style=\"font-size: 18px;\"><br/>很高，1g 酒精产热 7kal，不含其它营养素，并增加肝脏负担，空腹饮酒易出现低血糖。<br/>　　<br/></span><br/></span></pre><p><span style=\"color: rgb(38, 38, 38); font-family: 黑体, SimHei; text-indent: 28px; background-color: rgb(255, 255, 255);\"></span><img src=\"https://gimg2.baidu.com/image_search/src=http%3A%2F%2Fupload-images.jianshu.io%2Fupload_images%2F15528404-a508614a5d74509f.jpg&refer=http%3A%2F%2Fupload-images.jianshu.io&app=2002&size=f9999,10000&q=a80&n=0&g=0n&fmt=auto?sec=1658988154&t=b98493b03640adcf1505e7b00c1685a2\"/></p>", "user": 1, "views": 4, "tui": 4, "created_time": "2022-06-28T06:07:55.159Z", "modified_time": "2022-06-28T11:14:57.444Z", "tags": [13]}}, {"model": "polls.article", "pk": 15, "fields": {"title": "五大减肥方法之--低能量膳食", "excerpt": "在满足蛋白质、维生素、矿物质、膳食纤维和水这五大营养素的基础上，适量减少脂肪和碳水化合物的摄取，一般成人每日摄入的能量不高于1000千卡。\r\n\r\n极低能量膳食（VLCD）通常指每日只摄入400～800千卡的能量，且主要来自于蛋白质，而脂肪和碳水化合物的摄入受到严格限制。", "category": 3, "img": "article_img/2022/06/28/低能量减肥方法.png", "body": "<p>&nbsp; &nbsp;</p><pre style=\"background-color:#2b2b2b;color:#a9b7c6;font-family:&#39;宋体&#39;,monospace;font-size:9.8pt;\"><strong><span style=\"font-size: 20px; color: rgb(255, 192, 0);\">低能量膳食（<span style=\"font-size: 20px; font-family: &quot;JetBrains Mono&quot;, monospace;\">LCD</span>）</span></strong><span style=\"font-size: 20px;\"><br/>也称作限制能量饮食，是在满足蛋白质、维生素、矿物质、膳食纤维和水这五大营养素<br/>的基础上，适量减少脂肪和碳水化合物的摄取，一般成人每日摄入的能量不高于<br/><span style=\"font-family: &quot;JetBrains Mono&quot;, monospace;\">1000</span>千卡。</span></pre><pre style=\"background-color:#2b2b2b;color:#a9b7c6;font-family:&#39;宋体&#39;,monospace;font-size:9.8pt;\"><span style=\"font-size: 14px; color: rgb(251, 213, 181);\">碳水化合物能量 1克碳水化合物在体内氧化产生4千卡的能量；慢跑一小时下来大概消耗的卡路里是500千卡<br/><br/>脂肪的能量 &nbsp; &nbsp;1克脂肪在体内氧化产生9千卡的能量；慢跑一小时下来大概消耗的卡路里是500千卡<br/><br/>蛋白质的能量 &nbsp; 1克蛋白质在体内氧化产生4千卡的能量；慢跑一小时下来大概消耗的卡路里是500千卡</span><span style=\"font-size: 14px;\"><br/><br/></span></pre><pre style=\"background-color:#2b2b2b;color:#a9b7c6;font-family:&#39;宋体&#39;,monospace;font-size:9.8pt;\"><span style=\"font-size: 20px;\"><br/><strong><span style=\"font-size: 20px; color: rgb(255, 192, 0);\">极低能量膳食（<span style=\"font-family: &quot;JetBrains Mono&quot;, monospace;\">VLCD</span>）</span></strong><br/>通常指每日只摄入<span style=\"font-family: &quot;JetBrains Mono&quot;, monospace;\">400</span>～<span style=\"font-family: &quot;JetBrains Mono&quot;, monospace;\">800</span>千卡的能量，且主要来自于蛋白质，<br/>而脂肪和碳水化合物的摄入受到严格限制。<br/><br/>优缺点及适用人群：<br/><span style=\"font-size: 20px; color: rgb(247, 150, 70);\">优点</span><br/>是短期内能看到减肥的效果，增强减肥者的信心。<br/><span style=\"font-size: 20px; color: rgb(247, 150, 70);\">缺点</span><br/>是机体长期处于饥饿状态，易增加痛风发生的风险以及引起电解质平衡紊乱等不良反应。<br/>该模式通常需要在医生监督指导下进行，一般推荐用于个体减肥。<br/></span></pre><p><span style=\"font-family: PingFangSC-Regular; font-size: 26.28px; background-color: rgb(255, 255, 255); color: rgb(31, 73, 125);\">一、早餐可一个鸡蛋加一杯脱脂牛奶（<span style=\"font-family: PingFangSC-Regular; background-color: rgb(255, 255, 255); font-size: 16px; color: rgb(227, 108, 9);\">根据情况添加一片面包，或者牛奶换成豆浆</span>）</span></p><p><img src=\"/media/upimg/image_20220628183225_182.png\" title=\"\" alt=\"image.png\" width=\"775\" height=\"525\" style=\"width: 775px; height: 525px;\"/></p><p><br/></p><p><span style=\"color: rgb(51, 51, 51); font-family: PingFangSC-Regular; font-size: 26.28px; background-color: rgb(255, 255, 255);\">中餐</span></p><p><span style=\"color: rgb(51, 51, 51); font-family: PingFangSC-Regular; background-color: rgb(255, 255, 255); font-size: 20px;\">主食以花卷、馒头等发面食物为主，<span style=\"color: rgb(51, 51, 51); font-family: PingFangSC-Regular; font-size: 20px; background-color: rgb(255, 255, 255);\">菜品可食用鸡肉、鸭肉、鹅肉、鱼、海鲜、兔肉等，各种含膳食纤维丰富的蔬菜、豆制品、凉拌菜等。</span></span></p><p><span style=\"font-family: PingFangSC-Regular; background-color: rgb(255, 255, 255); font-size: 16px; color: rgb(227, 108, 9);\">忌食米饭、面条、粥、高糖食物、饼、饺子，忌饮料及酒，忌猪、牛、羊肉，忌油炸、各种果仁、各种含淀粉的食物(如土豆、地瓜、山药、紫薯)。</span></p><p><span style=\"font-family: PingFangSC-Regular; background-color: rgb(255, 255, 255); font-size: 16px; color: rgb(227, 108, 9);\">&nbsp; &nbsp; &nbsp; &nbsp; &nbsp; &nbsp; &nbsp; &nbsp; &nbsp; &nbsp; &nbsp; &nbsp; &nbsp; &nbsp;<span style=\"font-family: PingFangSC-Regular; background-color: rgb(255, 255, 255); font-size: 16px; color: rgb(31, 73, 125);\"> 青椒鸡肉丝&nbsp; &nbsp; &nbsp; &nbsp; &nbsp; &nbsp; &nbsp; &nbsp; &nbsp; &nbsp; &nbsp; &nbsp; &nbsp; &nbsp; &nbsp; &nbsp; &nbsp; &nbsp; &nbsp; &nbsp; &nbsp; &nbsp; &nbsp; &nbsp; &nbsp; &nbsp; &nbsp; &nbsp; &nbsp; &nbsp; &nbsp; &nbsp; &nbsp; &nbsp; 西葫芦虾仁</span></span></p><p><span style=\"font-family: PingFangSC-Regular; background-color: rgb(255, 255, 255); font-size: 16px; color: rgb(227, 108, 9);\"><img src=\"/media/upimg/image_20220628184504_274.png\" title=\"\" alt=\"image.png\" width=\"381\" height=\"298\" style=\"width: 381px; height: 298px; float: left;\"/><img src=\"/media/upimg/image_20220628184626_568.png\" title=\"\" alt=\"image.png\" width=\"386\" height=\"300\" style=\"width: 386px; height: 300px;\"/></span></p><p><span style=\"font-family: PingFangSC-Regular; background-color: rgb(255, 255, 255); font-size: 16px; color: rgb(31, 73, 125);\">&nbsp; &nbsp; &nbsp; &nbsp; &nbsp; &nbsp; &nbsp; &nbsp; &nbsp; &nbsp; &nbsp; &nbsp; 西蓝花<span style=\"font-size: 16px; font-weight: 700; border: 0px; margin: 0px; padding: 0px; font-family: &quot;PingFang SC&quot;, Arial, 微软雅黑, 宋体, simsun, sans-serif; background-color: rgb(255, 255, 255);\">鳕鱼&nbsp; &nbsp; &nbsp; &nbsp; &nbsp; &nbsp; &nbsp; &nbsp; &nbsp; &nbsp; &nbsp; &nbsp; &nbsp; &nbsp; &nbsp; &nbsp; &nbsp; &nbsp; &nbsp; &nbsp; &nbsp; &nbsp; &nbsp; &nbsp; &nbsp; &nbsp; &nbsp; &nbsp; &nbsp; &nbsp; &nbsp; &nbsp; &nbsp; &nbsp; &nbsp; &nbsp; &nbsp; &nbsp; &nbsp; &nbsp; &nbsp; 茶树菇荷兰豆</span></span></p><p><span style=\"font-family: PingFangSC-Regular; background-color: rgb(255, 255, 255); font-size: 16px; color: rgb(227, 108, 9);\"><img src=\"/media/upimg/image_20220628184810_717.png\" title=\"\" alt=\"image.png\" width=\"366\" height=\"335\" style=\"width: 366px; height: 335px; float: left;\"/><img src=\"/media/upimg/image_20220628185032_859.png\" title=\"\" alt=\"image.png\" width=\"405\" height=\"341\" style=\"width: 405px; height: 341px; float: right;\"/></span></p><p><br/></p><p><span style=\"color: rgb(51, 51, 51); font-family: PingFangSC-Regular; background-color: rgb(255, 255, 255); font-size: 20px;\"><br/></span></p><p><span style=\"color: rgb(51, 51, 51); font-family: PingFangSC-Regular; background-color: rgb(255, 255, 255); font-size: 20px;\"><br/></span></p><p><span style=\"color: rgb(51, 51, 51); font-family: PingFangSC-Regular; background-color: rgb(255, 255, 255); font-size: 20px;\"><br/></span></p><p><span style=\"color: rgb(51, 51, 51); font-family: PingFangSC-Regular; background-color: rgb(255, 255, 255); font-size: 20px;\"><br/></span></p><p><span style=\"color: rgb(51, 51, 51); font-family: PingFangSC-Regular; background-color: rgb(255, 255, 255); font-size: 20px;\"><br/></span></p><p><span style=\"color: rgb(51, 51, 51); font-family: PingFangSC-Regular; background-color: rgb(255, 255, 255); font-size: 20px;\"><br/></span></p><p><span style=\"color: rgb(51, 51, 51); font-family: PingFangSC-Regular; background-color: rgb(255, 255, 255); font-size: 20px;\"><br/></span></p><p><span style=\"color: rgb(51, 51, 51); font-family: PingFangSC-Regular; background-color: rgb(255, 255, 255); font-size: 20px;\"><br/></span></p><p><span style=\"color: rgb(51, 51, 51); font-family: PingFangSC-Regular; background-color: rgb(255, 255, 255); font-size: 20px;\"><br/></span></p><p><br/></p><p><span style=\"color: rgb(51, 51, 51); font-family: PingFangSC-Regular; background-color: rgb(255, 255, 255); font-size: 20px;\">晚餐（<span style=\"font-family: PingFangSC-Regular; background-color: rgb(255, 255, 255); font-size: 14px; color: rgb(227, 108, 9);\">六点前食用</span>）</span></p><p><span style=\"color: rgb(51, 51, 51); font-family: PingFangSC-Regular; background-color: rgb(255, 255, 255); font-size: 18px;\">晚餐:可食水煮蔬菜、黄瓜、西红柿、柚子、草莓、火龙果、丑桔、桔子、国光苹果、香瓜、山竹、猕猴桃。</span></p><p><span style=\"color: rgb(51, 51, 51); font-family: PingFangSC-Regular; background-color: rgb(255, 255, 255); font-size: 18px;\"><img src=\"/media/upimg/image_20220628185658_831.png\" title=\"\" alt=\"image.png\"/></span></p><p><br/></p><p><span style=\"color: rgb(51, 51, 51); font-family: PingFangSC-Regular; background-color: rgb(255, 255, 255); font-size: 20px;\">用此食谱饮食，每餐要吃饱，忌节食。此食谱一个月内可瘦10斤，但以一个月为限，注意血压，部分人血压会有所下降，尤其适合肥胖的高血压患者，服用降压药的高血压患者用此食谱时，要注意血压的变化，如血压下降者，降压药要适当减量。</span></p>", "user": 1, "views": 22, "tui": 4, "created_time": "2022-06-28T10:57:30.365Z", "modified_time": "2022-06-28T11:06:51.626Z", "tags": [13]}}, {"model": "polls.banner", "pk": 1, "fields": {"text_info": "人体能量学", "img": "banner/人体能量学.webp", "link_url": "http://127.0.0.1:8000/polls/", "is_active": true}}, {"model": "polls.banner", "pk": 2, "fields": {"text_info": "口腔消化", "img": "banner/image2.png", "link_url": "digestion/口腔消化.html", "is_active": true}}, {"model": "polls.banner", "pk": 3, "fields": {"text_info": "大肠消化", "img": "banner/image9.png", "link_url": "digestion/大肠的消化及吸收.html", "is_active": true}}, {"model": "polls.banner", "pk": 4, "fields": {"text_info": "小肠的消化及吸收", "img": "banner/image6.png", "link_url": "digestion/小肠的消化及吸收.html", "is_active": true}}, {"model": "polls.banner", "pk": 6, "fields": {"text_info": "消化系统", "img": "banner/image1.png", "link_url": "digestion/消化系统.html", "is_active": true}}, {"model": "admin.logentry", "pk": 1, "fields": {"action_time": "2022-06-07T09:08:08.887Z", "user": 1, "content_type": 7, "object_id": "1", "object_repr": "什么", "action_flag": 2, "change_message": "[{\"changed\": {\"fields\": [\"Date published\"]}}]"}}, {"model": "admin.logentry", "pk": 2, "fields": {"action_time": "2022-06-10T09:26:57.514Z", "user": 1, "content_type": 7, "object_id": "2", "object_repr": "肥胖的原因", "action_flag": 1, "change_message": "[{\"added\": {}}]"}}, {"model": "admin.logentry", "pk": 3, "fields": {"action_time": "2022-06-10T09:27:16.734Z", "user": 1, "content_type": 7, "object_id": "3", "object_repr": "肥胖与疾病的关系", "action_flag": 1, "change_message": "[{\"added\": {}}]"}}, {"model": "admin.logentry", "pk": 4, "fields": {"action_time": "2022-06-10T09:27:42.297Z", "user": 1, "content_type": 7, "object_id": "3", "object_repr": "肥胖与疾病的关系", "action_flag": 2, "change_message": "[]"}}, {"model": "admin.logentry", "pk": 5, "fields": {"action_time": "2022-06-10T09:28:27.963Z", "user": 1, "content_type": 7, "object_id": "4", "object_repr": "BMI是什么意思", "action_flag": 1, "change_message": "[{\"added\": {}}]"}}, {"model": "admin.logentry", "pk": 6, "fields": {"action_time": "2022-06-10T09:29:31.556Z", "user": 1, "content_type": 8, "object_id": "3", "object_repr": "Just hacking again", "action_flag": 2, "change_message": "[{\"changed\": {\"fields\": [\"Question\"]}}]"}}, {"model": "admin.logentry", "pk": 7, "fields": {"action_time": "2022-06-10T09:29:45.314Z", "user": 1, "content_type": 8, "object_id": "3", "object_repr": "Just hacking again", "action_flag": 2, "change_message": "[{\"changed\": {\"fields\": [\"Question\", \"Votes\"]}}]"}}, {"model": "admin.logentry", "pk": 8, "fields": {"action_time": "2022-06-10T09:30:01.192Z", "user": 1, "content_type": 8, "object_id": "3", "object_repr": "Just hacking again", "action_flag": 2, "change_message": "[{\"changed\": {\"fields\": [\"Question\"]}}]"}}, {"model": "admin.logentry", "pk": 9, "fields": {"action_time": "2022-06-10T09:30:55.624Z", "user": 1, "content_type": 8, "object_id": "4", "object_repr": "有关系", "action_flag": 1, "change_message": "[{\"added\": {}}]"}}, {"model": "admin.logentry", "pk": 10, "fields": {"action_time": "2022-06-10T09:31:06.405Z", "user": 1, "content_type": 8, "object_id": "5", "object_repr": "没关系", "action_flag": 1, "change_message": "[{\"added\": {}}]"}}, {"model": "admin.logentry", "pk": 11, "fields": {"action_time": "2022-06-10T09:31:08.902Z", "user": 1, "content_type": 8, "object_id": "5", "object_repr": "没关系", "action_flag": 2, "change_message": "[]"}}, {"model": "admin.logentry", "pk": 12, "fields": {"action_time": "2022-06-10T09:39:20.302Z", "user": 1, "content_type": 7, "object_id": "3", "object_repr": "肥胖与疾病的关系", "action_flag": 2, "change_message": "[]"}}, {"model": "admin.logentry", "pk": 13, "fields": {"action_time": "2022-06-10T09:42:40.351Z", "user": 1, "content_type": 7, "object_id": "3", "object_repr": "肥胖与疾病的关系", "action_flag": 3, "change_message": ""}}, {"model": "admin.logentry", "pk": 14, "fields": {"action_time": "2022-06-20T07:25:11.737Z", "user": 1, "content_type": 12, "object_id": "1", "object_repr": "测试", "action_flag": 1, "change_message": "[{\"added\": {}}]"}}, {"model": "admin.logentry", "pk": 15, "fields": {"action_time": "2022-06-20T07:25:22.754Z", "user": 1, "content_type": 13, "object_id": "1", "object_repr": "测试标签", "action_flag": 1, "change_message": "[{\"added\": {}}]"}}, {"model": "admin.logentry", "pk": 16, "fields": {"action_time": "2022-06-20T07:26:32.944Z", "user": 1, "content_type": 14, "object_id": "1", "object_repr": "测试推荐位", "action_flag": 1, "change_message": "[{\"added\": {}}]"}}, {"model": "admin.logentry", "pk": 17, "fields": {"action_time": "2022-06-20T07:26:37.642Z", "user": 1, "content_type": 11, "object_id": "1", "object_repr": "测试文章", "action_flag": 1, "change_message": "[{\"added\": {}}]"}}, {"model": "admin.logentry", "pk": 18, "fields": {"action_time": "2022-06-20T10:52:22.628Z", "user": 1, "content_type": 12, "object_id": "1", "object_repr": "测试", "action_flag": 3, "change_message": ""}}, {"model": "admin.logentry", "pk": 19, "fields": {"action_time": "2022-06-20T10:53:34.380Z", "user": 1, "content_type": 12, "object_id": "2", "object_repr": "人体消耗吸收", "action_flag": 1, "change_message": "[{\"added\": {}}]"}}, {"model": "admin.logentry", "pk": 20, "fields": {"action_time": "2022-06-20T10:53:57.655Z", "user": 1, "content_type": 12, "object_id": "3", "object_repr": "减肥方法", "action_flag": 1, "change_message": "[{\"added\": {}}]"}}, {"model": "admin.logentry", "pk": 21, "fields": {"action_time": "2022-06-20T10:55:06.987Z", "user": 1, "content_type": 12, "object_id": "4", "object_repr": "食物热量", "action_flag": 1, "change_message": "[{\"added\": {}}]"}}, {"model": "admin.logentry", "pk": 22, "fields": {"action_time": "2022-06-20T10:55:45.597Z", "user": 1, "content_type": 12, "object_id": "5", "object_repr": "鼓励保持", "action_flag": 1, "change_message": "[{\"added\": {}}]"}}, {"model": "admin.logentry", "pk": 23, "fields": {"action_time": "2022-06-20T10:56:21.559Z", "user": 1, "content_type": 12, "object_id": "6", "object_repr": "营养与疾病", "action_flag": 1, "change_message": "[{\"added\": {}}]"}}, {"model": "admin.logentry", "pk": 24, "fields": {"action_time": "2022-06-20T10:58:58.004Z", "user": 1, "content_type": 13, "object_id": "2", "object_repr": "口腔消化", "action_flag": 1, "change_message": "[{\"added\": {}}]"}}, {"model": "admin.logentry", "pk": 25, "fields": {"action_time": "2022-06-20T10:59:13.605Z", "user": 1, "content_type": 13, "object_id": "3", "object_repr": "胃液消化", "action_flag": 1, "change_message": "[{\"added\": {}}]"}}, {"model": "admin.logentry", "pk": 26, "fields": {"action_time": "2022-06-20T10:59:25.320Z", "user": 1, "content_type": 13, "object_id": "4", "object_repr": "小肠消化吸收", "action_flag": 1, "change_message": "[{\"added\": {}}]"}}, {"model": "admin.logentry", "pk": 27, "fields": {"action_time": "2022-06-20T10:59:33.418Z", "user": 1, "content_type": 13, "object_id": "5", "object_repr": "大肠消化吸收", "action_flag": 1, "change_message": "[{\"added\": {}}]"}}, {"model": "admin.logentry", "pk": 28, "fields": {"action_time": "2022-06-20T11:00:22.279Z", "user": 1, "content_type": 13, "object_id": "6", "object_repr": "蛋白质热量", "action_flag": 1, "change_message": "[{\"added\": {}}]"}}, {"model": "admin.logentry", "pk": 29, "fields": {"action_time": "2022-06-20T11:00:28.792Z", "user": 1, "content_type": 13, "object_id": "7", "object_repr": "脂肪热量", "action_flag": 1, "change_message": "[{\"added\": {}}]"}}, {"model": "admin.logentry", "pk": 30, "fields": {"action_time": "2022-06-20T11:00:47.276Z", "user": 1, "content_type": 13, "object_id": "8", "object_repr": "糖热量", "action_flag": 1, "change_message": "[{\"added\": {}}]"}}, {"model": "admin.logentry", "pk": 31, "fields": {"action_time": "2022-06-20T11:00:57.218Z", "user": 1, "content_type": 13, "object_id": "9", "object_repr": "维生素", "action_flag": 1, "change_message": "[{\"added\": {}}]"}}, {"model": "admin.logentry", "pk": 32, "fields": {"action_time": "2022-06-20T11:01:03.359Z", "user": 1, "content_type": 13, "object_id": "10", "object_repr": "无机盐", "action_flag": 1, "change_message": "[{\"added\": {}}]"}}, {"model": "admin.logentry", "pk": 33, "fields": {"action_time": "2022-06-20T11:07:46.976Z", "user": 1, "content_type": 9, "object_id": "1", "object_repr": "人体能量学", "action_flag": 1, "change_message": "[{\"added\": {}}]"}}, {"model": "admin.logentry", "pk": 34, "fields": {"action_time": "2022-06-22T10:09:21.308Z", "user": 1, "content_type": 9, "object_id": "2", "object_repr": "口腔消化", "action_flag": 1, "change_message": "[{\"added\": {}}]"}}, {"model": "admin.logentry", "pk": 35, "fields": {"action_time": "2022-06-22T10:24:26.597Z", "user": 1, "content_type": 9, "object_id": "3", "object_repr": "大肠消化", "action_flag": 1, "change_message": "[{\"added\": {}}]"}}, {"model": "admin.logentry", "pk": 36, "fields": {"action_time": "2022-06-22T10:26:37.408Z", "user": 1, "content_type": 9, "object_id": "4", "object_repr": "小肠的消化及吸收", "action_flag": 1, "change_message": "[{\"added\": {}}]"}}, {"model": "admin.logentry", "pk": 37, "fields": {"action_time": "2022-06-22T10:28:18.495Z", "user": 1, "content_type": 9, "object_id": "5", "object_repr": "消化系统", "action_flag": 1, "change_message": "[{\"added\": {}}]"}}, {"model": "admin.logentry", "pk": 38, "fields": {"action_time": "2022-06-22T10:30:11.103Z", "user": 1, "content_type": 9, "object_id": "5", "object_repr": "消化系统", "action_flag": 3, "change_message": ""}}, {"model": "admin.logentry", "pk": 39, "fields": {"action_time": "2022-06-22T11:29:23.942Z", "user": 1, "content_type": 9, "object_id": "6", "object_repr": "消化系统", "action_flag": 1, "change_message": "[{\"added\": {}}]"}}, {"model": "admin.logentry", "pk": 40, "fields": {"action_time": "2022-06-26T10:07:44.108Z", "user": 1, "content_type": 13, "object_id": "11", "object_repr": "热量大小", "action_flag": 1, "change_message": "[{\"added\": {}}]"}}, {"model": "admin.logentry", "pk": 41, "fields": {"action_time": "2022-06-26T10:08:55.741Z", "user": 1, "content_type": 14, "object_id": "2", "object_repr": "热量知多少", "action_flag": 1, "change_message": "[{\"added\": {}}]"}}, {"model": "admin.logentry", "pk": 42, "fields": {"action_time": "2022-06-26T10:08:59.294Z", "user": 1, "content_type": 11, "object_id": "2", "object_repr": "1卡有多少热量", "action_flag": 1, "change_message": "[{\"added\": {}}]"}}, {"model": "admin.logentry", "pk": 43, "fields": {"action_time": "2022-06-26T10:12:56.035Z", "user": 1, "content_type": 11, "object_id": "2", "object_repr": "1卡有多少热量", "action_flag": 2, "change_message": "[{\"changed\": {\"fields\": [\"\\u5185\\u5bb9\"]}}]"}}, {"model": "admin.logentry", "pk": 44, "fields": {"action_time": "2022-06-26T10:17:27.300Z", "user": 1, "content_type": 11, "object_id": "2", "object_repr": "1卡有多少热量", "action_flag": 2, "change_message": "[{\"changed\": {\"fields\": [\"\\u6587\\u7ae0\\u56fe\\u7247\"]}}]"}}, {"model": "admin.logentry", "pk": 45, "fields": {"action_time": "2022-06-26T10:17:43.953Z", "user": 1, "content_type": 11, "object_id": "2", "object_repr": "1卡有多少热量", "action_flag": 2, "change_message": "[{\"changed\": {\"fields\": [\"\\u5206\\u7c7b\"]}}]"}}, {"model": "admin.logentry", "pk": 46, "fields": {"action_time": "2022-06-26T10:21:01.959Z", "user": 1, "content_type": 11, "object_id": "1", "object_repr": "测试文章", "action_flag": 3, "change_message": ""}}, {"model": "admin.logentry", "pk": 47, "fields": {"action_time": "2022-06-26T10:21:41.590Z", "user": 1, "content_type": 11, "object_id": "2", "object_repr": "1卡有多少热量", "action_flag": 2, "change_message": "[{\"changed\": {\"fields\": [\"\\u6587\\u7ae0\\u56fe\\u7247\"]}}]"}}, {"model": "admin.logentry", "pk": 48, "fields": {"action_time": "2022-06-26T10:21:51.260Z", "user": 1, "content_type": 11, "object_id": "2", "object_repr": "1卡有多少热量", "action_flag": 2, "change_message": "[{\"changed\": {\"fields\": [\"\\u6587\\u7ae0\\u56fe\\u7247\"]}}]"}}, {"model": "admin.logentry", "pk": 49, "fields": {"action_time": "2022-06-26T10:24:18.316Z", "user": 1, "content_type": 11, "object_id": "2", "object_repr": "1卡有多少热量", "action_flag": 2, "change_message": "[{\"changed\": {\"fields\": [\"\\u6587\\u7ae0\\u56fe\\u7247\"]}}]"}}, {"model": "admin.logentry", "pk": 50, "fields": {"action_time": "2022-06-26T10:24:28.869Z", "user": 1, "content_type": 11, "object_id": "2", "object_repr": "1卡有多少热量", "action_flag": 2, "change_message": "[{\"changed\": {\"fields\": [\"\\u6587\\u7ae0\\u56fe\\u7247\"]}}]"}}, {"model": "admin.logentry", "pk": 51, "fields": {"action_time": "2022-06-26T10:30:22.240Z", "user": 1, "content_type": 14, "object_id": "2", "object_repr": "热量知多少", "action_flag": 2, "change_message": "[]"}}, {"model": "admin.logentry", "pk": 52, "fields": {"action_time": "2022-06-26T10:34:37.949Z", "user": 1, "content_type": 12, "object_id": "1", "object_repr": "测试", "action_flag": 3, "change_message": ""}}, {"model": "admin.logentry", "pk": 53, "fields": {"action_time": "2022-06-26T10:37:43.785Z", "user": 1, "content_type": 12, "object_id": "7", "object_repr": "食物消化吸收", "action_flag": 1, "change_message": "[{\"added\": {}}]"}}, {"model": "admin.logentry", "pk": 54, "fields": {"action_time": "2022-06-26T10:39:06.732Z", "user": 1, "content_type": 13, "object_id": "1", "object_repr": "测试标签", "action_flag": 3, "change_message": ""}}, {"model": "admin.logentry", "pk": 55, "fields": {"action_time": "2022-06-26T10:39:48.377Z", "user": 1, "content_type": 12, "object_id": "5", "object_repr": "鼓励保持", "action_flag": 3, "change_message": ""}}, {"model": "admin.logentry", "pk": 56, "fields": {"action_time": "2022-06-26T10:40:25.500Z", "user": 1, "content_type": 12, "object_id": "8", "object_repr": "鼓励与坚持", "action_flag": 1, "change_message": "[{\"added\": {}}]"}}, {"model": "admin.logentry", "pk": 57, "fields": {"action_time": "2022-06-26T10:46:10.663Z", "user": 1, "content_type": 14, "object_id": "3", "object_repr": "食物消化吸收", "action_flag": 1, "change_message": "[{\"added\": {}}]"}}, {"model": "admin.logentry", "pk": 58, "fields": {"action_time": "2022-06-26T10:47:55.781Z", "user": 1, "content_type": 11, "object_id": "3", "object_repr": "三大营养素消化吸收", "action_flag": 1, "change_message": "[{\"added\": {}}]"}}, {"model": "admin.logentry", "pk": 59, "fields": {"action_time": "2022-06-26T10:57:20.497Z", "user": 1, "content_type": 13, "object_id": "12", "object_repr": "蛋白质", "action_flag": 1, "change_message": "[{\"added\": {}}]"}}, {"model": "admin.logentry", "pk": 60, "fields": {"action_time": "2022-06-26T10:58:56.995Z", "user": 1, "content_type": 14, "object_id": "4", "object_repr": "首页推荐", "action_flag": 1, "change_message": "[{\"added\": {}}]"}}, {"model": "admin.logentry", "pk": 61, "fields": {"action_time": "2022-06-26T10:59:02.881Z", "user": 1, "content_type": 11, "object_id": "4", "object_repr": "蛋白质在人体的消化过程", "action_flag": 1, "change_message": "[{\"added\": {}}]"}}, {"model": "admin.logentry", "pk": 62, "fields": {"action_time": "2022-06-26T10:59:16.146Z", "user": 1, "content_type": 11, "object_id": "2", "object_repr": "1卡有多少热量", "action_flag": 2, "change_message": "[{\"changed\": {\"fields\": [\"\\u63a8\\u8350\\u4f4d\"]}}]"}}, {"model": "admin.logentry", "pk": 63, "fields": {"action_time": "2022-06-26T11:02:29.529Z", "user": 1, "content_type": 11, "object_id": "4", "object_repr": "蛋白质在人体的消化过程", "action_flag": 2, "change_message": "[{\"changed\": {\"fields\": [\"\\u6587\\u7ae0\\u56fe\\u7247\"]}}]"}}, {"model": "admin.logentry", "pk": 64, "fields": {"action_time": "2022-06-26T11:14:12.390Z", "user": 1, "content_type": 11, "object_id": "5", "object_repr": "基础代谢消耗了多少热量", "action_flag": 1, "change_message": "[{\"added\": {}}]"}}, {"model": "admin.logentry", "pk": 65, "fields": {"action_time": "2022-06-26T11:19:45.461Z", "user": 1, "content_type": 11, "object_id": "6", "object_repr": "碳水化合物能量有多少", "action_flag": 1, "change_message": "[{\"added\": {}}]"}}, {"model": "admin.logentry", "pk": 66, "fields": {"action_time": "2022-06-26T11:29:47.277Z", "user": 1, "content_type": 11, "object_id": "7", "object_repr": "乙醇（酒）的热量是多少", "action_flag": 1, "change_message": "[{\"added\": {}}]"}}, {"model": "admin.logentry", "pk": 67, "fields": {"action_time": "2022-06-26T11:32:47.383Z", "user": 1, "content_type": 11, "object_id": "7", "object_repr": "乙醇（酒）的热量是多少", "action_flag": 2, "change_message": "[{\"changed\": {\"fields\": [\"\\u6587\\u7ae0\\u56fe\\u7247\", \"\\u5185\\u5bb9\"]}}]"}}, {"model": "admin.logentry", "pk": 68, "fields": {"action_time": "2022-06-26T11:50:15.248Z", "user": 1, "content_type": 11, "object_id": "8", "object_repr": "口腔作用及消化", "action_flag": 1, "change_message": "[{\"added\": {}}]"}}, {"model": "admin.logentry", "pk": 69, "fields": {"action_time": "2022-06-26T11:52:41.752Z", "user": 1, "content_type": 11, "object_id": "8", "object_repr": "口腔作用及消化", "action_flag": 2, "change_message": "[{\"changed\": {\"fields\": [\"\\u5185\\u5bb9\"]}}]"}}, {"model": "admin.logentry", "pk": 70, "fields": {"action_time": "2022-06-26T11:57:47.863Z", "user": 1, "content_type": 11, "object_id": "9", "object_repr": "人体消化系统", "action_flag": 1, "change_message": "[{\"added\": {}}]"}}, {"model": "admin.logentry", "pk": 71, "fields": {"action_time": "2022-06-26T12:06:14.404Z", "user": 1, "content_type": 11, "object_id": "10", "object_repr": "食物在胃中的消化吸收", "action_flag": 1, "change_message": "[{\"added\": {}}]"}}, {"model": "admin.logentry", "pk": 72, "fields": {"action_time": "2022-06-26T12:09:31.443Z", "user": 1, "content_type": 11, "object_id": "11", "object_repr": "小肠的消化及吸收过程", "action_flag": 1, "change_message": "[{\"added\": {}}]"}}, {"model": "admin.logentry", "pk": 73, "fields": {"action_time": "2022-06-26T12:09:42.423Z", "user": 1, "content_type": 11, "object_id": "11", "object_repr": "小肠的消化及吸收过程", "action_flag": 2, "change_message": "[{\"changed\": {\"fields\": [\"\\u5206\\u7c7b\", \"\\u5185\\u5bb9\"]}}]"}}, {"model": "admin.logentry", "pk": 74, "fields": {"action_time": "2022-06-26T12:13:01.980Z", "user": 1, "content_type": 11, "object_id": "12", "object_repr": "人体大肠的消化及吸收", "action_flag": 1, "change_message": "[{\"added\": {}}]"}}, {"model": "admin.logentry", "pk": 75, "fields": {"action_time": "2022-06-26T12:20:05.409Z", "user": 1, "content_type": 11, "object_id": "13", "object_repr": "人体七大营养素能量消耗及运动热量", "action_flag": 1, "change_message": "[{\"added\": {}}]"}}, {"model": "admin.logentry", "pk": 76, "fields": {"action_time": "2022-06-26T12:20:56.767Z", "user": 1, "content_type": 11, "object_id": "13", "object_repr": "人体七大营养素能量消耗及运动热量", "action_flag": 2, "change_message": "[{\"changed\": {\"fields\": [\"\\u6587\\u7ae0\\u56fe\\u7247\", \"\\u5185\\u5bb9\"]}}]"}}, {"model": "admin.logentry", "pk": 77, "fields": {"action_time": "2022-06-28T06:07:19.002Z", "user": 1, "content_type": 13, "object_id": "13", "object_repr": "减肥方法", "action_flag": 1, "change_message": "[{\"added\": {}}]"}}, {"model": "admin.logentry", "pk": 78, "fields": {"action_time": "2022-06-28T06:07:55.179Z", "user": 1, "content_type": 11, "object_id": "14", "object_repr": "五大减肥方法之一平衡膳食（CRD）", "action_flag": 1, "change_message": "[{\"added\": {}}]"}}, {"model": "admin.logentry", "pk": 79, "fields": {"action_time": "2022-06-28T06:08:38.011Z", "user": 1, "content_type": 11, "object_id": "14", "object_repr": "五大减肥方法之一平衡膳食（CRD）", "action_flag": 2, "change_message": "[{\"changed\": {\"fields\": [\"\\u5185\\u5bb9\"]}}]"}}, {"model": "admin.logentry", "pk": 80, "fields": {"action_time": "2022-06-28T06:20:08.815Z", "user": 1, "content_type": 11, "object_id": "14", "object_repr": "五大减肥方法之一平衡膳食（CRD）", "action_flag": 2, "change_message": "[{\"changed\": {\"fields\": [\"\\u5185\\u5bb9\"]}}]"}}, {"model": "admin.logentry", "pk": 81, "fields": {"action_time": "2022-06-28T06:20:59.290Z", "user": 1, "content_type": 11, "object_id": "14", "object_repr": "五大减肥方法之一平衡膳食（CRD）", "action_flag": 2, "change_message": "[{\"changed\": {\"fields\": [\"\\u5185\\u5bb9\"]}}]"}}, {"model": "admin.logentry", "pk": 82, "fields": {"action_time": "2022-06-28T10:57:30.390Z", "user": 1, "content_type": 11, "object_id": "15", "object_repr": "五大减肥方法之--低能量膳食", "action_flag": 1, "change_message": "[{\"added\": {}}]"}}, {"model": "admin.logentry", "pk": 83, "fields": {"action_time": "2022-06-28T10:59:48.603Z", "user": 1, "content_type": 11, "object_id": "15", "object_repr": "五大减肥方法之--低能量膳食", "action_flag": 2, "change_message": "[{\"changed\": {\"fields\": [\"\\u6587\\u7ae0\\u56fe\\u7247\", \"\\u5185\\u5bb9\", \"\\u9605\\u8bfb\\u91cf\"]}}]"}}, {"model": "admin.logentry", "pk": 84, "fields": {"action_time": "2022-06-28T11:01:32.826Z", "user": 1, "content_type": 11, "object_id": "15", "object_repr": "五大减肥方法之--低能量膳食", "action_flag": 2, "change_message": "[{\"changed\": {\"fields\": [\"\\u5185\\u5bb9\"]}}]"}}, {"model": "admin.logentry", "pk": 85, "fields": {"action_time": "2022-06-28T11:02:40.991Z", "user": 1, "content_type": 11, "object_id": "15", "object_repr": "五大减肥方法之--低能量膳食", "action_flag": 2, "change_message": "[{\"changed\": {\"fields\": [\"\\u5185\\u5bb9\"]}}]"}}, {"model": "admin.logentry", "pk": 86, "fields": {"action_time": "2022-06-28T11:03:47.675Z", "user": 1, "content_type": 11, "object_id": "15", "object_repr": "五大减肥方法之--低能量膳食", "action_flag": 2, "change_message": "[{\"changed\": {\"fields\": [\"\\u5185\\u5bb9\"]}}]"}}, {"model": "admin.logentry", "pk": 87, "fields": {"action_time": "2022-06-28T11:04:23.671Z", "user": 1, "content_type": 11, "object_id": "15", "object_repr": "五大减肥方法之--低能量膳食", "action_flag": 2, "change_message": "[{\"changed\": {\"fields\": [\"\\u5185\\u5bb9\"]}}]"}}, {"model": "admin.logentry", "pk": 88, "fields": {"action_time": "2022-06-28T11:04:50.538Z", "user": 1, "content_type": 11, "object_id": "15", "object_repr": "五大减肥方法之--低能量膳食", "action_flag": 2, "change_message": "[{\"changed\": {\"fields\": [\"\\u5185\\u5bb9\"]}}]"}}, {"model": "admin.logentry", "pk": 89, "fields": {"action_time": "2022-06-28T11:05:28.117Z", "user": 1, "content_type": 11, "object_id": "15", "object_repr": "五大减肥方法之--低能量膳食", "action_flag": 2, "change_message": "[{\"changed\": {\"fields\": [\"\\u5185\\u5bb9\"]}}]"}}, {"model": "admin.logentry", "pk": 90, "fields": {"action_time": "2022-06-28T11:06:08.693Z", "user": 1, "content_type": 11, "object_id": "15", "object_repr": "五大减肥方法之--低能量膳食", "action_flag": 2, "change_message": "[{\"changed\": {\"fields\": [\"\\u5185\\u5bb9\"]}}]"}}, {"model": "admin.logentry", "pk": 91, "fields": {"action_time": "2022-06-28T11:06:39.569Z", "user": 1, "content_type": 11, "object_id": "15", "object_repr": "五大减肥方法之--低能量膳食", "action_flag": 2, "change_message": "[{\"changed\": {\"fields\": [\"\\u9605\\u8bfb\\u91cf\"]}}]"}}, {"model": "admin.logentry", "pk": 92, "fields": {"action_time": "2022-06-29T01:16:50.260Z", "user": 1, "content_type": 4, "object_id": "2", "object_repr": "jiayd", "action_flag": 1, "change_message": "[{\"added\": {}}]"}}, {"model": "admin.logentry", "pk": 93, "fields": {"action_time": "2022-06-29T01:19:14.411Z", "user": 1, "content_type": 4, "object_id": "2", "object_repr": "jiayd", "action_flag": 2, "change_message": "[{\"changed\": {\"fields\": [\"First name\", \"Last name\", \"Email address\", \"Staff status\", \"Superuser status\"]}}]"}}, {"model": "auth.permission", "pk": 1, "fields": {"name": "Can add log entry", "content_type": 1, "codename": "add_logentry"}}, {"model": "auth.permission", "pk": 2, "fields": {"name": "Can change log entry", "content_type": 1, "codename": "change_logentry"}}, {"model": "auth.permission", "pk": 3, "fields": {"name": "Can delete log entry", "content_type": 1, "codename": "delete_logentry"}}, {"model": "auth.permission", "pk": 4, "fields": {"name": "Can view log entry", "content_type": 1, "codename": "view_logentry"}}, {"model": "auth.permission", "pk": 5, "fields": {"name": "Can add permission", "content_type": 2, "codename": "add_permission"}}, {"model": "auth.permission", "pk": 6, "fields": {"name": "Can change permission", "content_type": 2, "codename": "change_permission"}}, {"model": "auth.permission", "pk": 7, "fields": {"name": "Can delete permission", "content_type": 2, "codename": "delete_permission"}}, {"model": "auth.permission", "pk": 8, "fields": {"name": "Can view permission", "content_type": 2, "codename": "view_permission"}}, {"model": "auth.permission", "pk": 9, "fields": {"name": "Can add group", "content_type": 3, "codename": "add_group"}}, {"model": "auth.permission", "pk": 10, "fields": {"name": "Can change group", "content_type": 3, "codename": "change_group"}}, {"model": "auth.permission", "pk": 11, "fields": {"name": "Can delete group", "content_type": 3, "codename": "delete_group"}}, {"model": "auth.permission", "pk": 12, "fields": {"name": "Can view group", "content_type": 3, "codename": "view_group"}}, {"model": "auth.permission", "pk": 13, "fields": {"name": "Can add user", "content_type": 4, "codename": "add_user"}}, {"model": "auth.permission", "pk": 14, "fields": {"name": "Can change user", "content_type": 4, "codename": "change_user"}}, {"model": "auth.permission", "pk": 15, "fields": {"name": "Can delete user", "content_type": 4, "codename": "delete_user"}}, {"model": "auth.permission", "pk": 16, "fields": {"name": "Can view user", "content_type": 4, "codename": "view_user"}}, {"model": "auth.permission", "pk": 17, "fields": {"name": "Can add content type", "content_type": 5, "codename": "add_contenttype"}}, {"model": "auth.permission", "pk": 18, "fields": {"name": "Can change content type", "content_type": 5, "codename": "change_contenttype"}}, {"model": "auth.permission", "pk": 19, "fields": {"name": "Can delete content type", "content_type": 5, "codename": "delete_contenttype"}}, {"model": "auth.permission", "pk": 20, "fields": {"name": "Can view content type", "content_type": 5, "codename": "view_contenttype"}}, {"model": "auth.permission", "pk": 21, "fields": {"name": "Can add session", "content_type": 6, "codename": "add_session"}}, {"model": "auth.permission", "pk": 22, "fields": {"name": "Can change session", "content_type": 6, "codename": "change_session"}}, {"model": "auth.permission", "pk": 23, "fields": {"name": "Can delete session", "content_type": 6, "codename": "delete_session"}}, {"model": "auth.permission", "pk": 24, "fields": {"name": "Can view session", "content_type": 6, "codename": "view_session"}}, {"model": "auth.permission", "pk": 25, "fields": {"name": "Can add question", "content_type": 7, "codename": "add_question"}}, {"model": "auth.permission", "pk": 26, "fields": {"name": "Can change question", "content_type": 7, "codename": "change_question"}}, {"model": "auth.permission", "pk": 27, "fields": {"name": "Can delete question", "content_type": 7, "codename": "delete_question"}}, {"model": "auth.permission", "pk": 28, "fields": {"name": "Can view question", "content_type": 7, "codename": "view_question"}}, {"model": "auth.permission", "pk": 29, "fields": {"name": "Can add choice", "content_type": 8, "codename": "add_choice"}}, {"model": "auth.permission", "pk": 30, "fields": {"name": "Can change choice", "content_type": 8, "codename": "change_choice"}}, {"model": "auth.permission", "pk": 31, "fields": {"name": "Can delete choice", "content_type": 8, "codename": "delete_choice"}}, {"model": "auth.permission", "pk": 32, "fields": {"name": "Can view choice", "content_type": 8, "codename": "view_choice"}}, {"model": "auth.permission", "pk": 33, "fields": {"name": "Can add 轮播图", "content_type": 9, "codename": "add_banner"}}, {"model": "auth.permission", "pk": 34, "fields": {"name": "Can change 轮播图", "content_type": 9, "codename": "change_banner"}}, {"model": "auth.permission", "pk": 35, "fields": {"name": "Can delete 轮播图", "content_type": 9, "codename": "delete_banner"}}, {"model": "auth.permission", "pk": 36, "fields": {"name": "Can view 轮播图", "content_type": 9, "codename": "view_banner"}}, {"model": "auth.permission", "pk": 37, "fields": {"name": "Can add 友情链接", "content_type": 10, "codename": "add_link"}}, {"model": "auth.permission", "pk": 38, "fields": {"name": "Can change 友情链接", "content_type": 10, "codename": "change_link"}}, {"model": "auth.permission", "pk": 39, "fields": {"name": "Can delete 友情链接", "content_type": 10, "codename": "delete_link"}}, {"model": "auth.permission", "pk": 40, "fields": {"name": "Can view 友情链接", "content_type": 10, "codename": "view_link"}}, {"model": "auth.permission", "pk": 41, "fields": {"name": "Can add 文章", "content_type": 11, "codename": "add_article"}}, {"model": "auth.permission", "pk": 42, "fields": {"name": "Can change 文章", "content_type": 11, "codename": "change_article"}}, {"model": "auth.permission", "pk": 43, "fields": {"name": "Can delete 文章", "content_type": 11, "codename": "delete_article"}}, {"model": "auth.permission", "pk": 44, "fields": {"name": "Can view 文章", "content_type": 11, "codename": "view_article"}}, {"model": "auth.permission", "pk": 45, "fields": {"name": "Can add 博客分类", "content_type": 12, "codename": "add_category"}}, {"model": "auth.permission", "pk": 46, "fields": {"name": "Can change 博客分类", "content_type": 12, "codename": "change_category"}}, {"model": "auth.permission", "pk": 47, "fields": {"name": "Can delete 博客分类", "content_type": 12, "codename": "delete_category"}}, {"model": "auth.permission", "pk": 48, "fields": {"name": "Can view 博客分类", "content_type": 12, "codename": "view_category"}}, {"model": "auth.permission", "pk": 49, "fields": {"name": "Can add 文章标签", "content_type": 13, "codename": "add_tag"}}, {"model": "auth.permission", "pk": 50, "fields": {"name": "Can change 文章标签", "content_type": 13, "codename": "change_tag"}}, {"model": "auth.permission", "pk": 51, "fields": {"name": "Can delete 文章标签", "content_type": 13, "codename": "delete_tag"}}, {"model": "auth.permission", "pk": 52, "fields": {"name": "Can view 文章标签", "content_type": 13, "codename": "view_tag"}}, {"model": "auth.permission", "pk": 53, "fields": {"name": "Can add 推荐位", "content_type": 14, "codename": "add_tui"}}, {"model": "auth.permission", "pk": 54, "fields": {"name": "Can change 推荐位", "content_type": 14, "codename": "change_tui"}}, {"model": "auth.permission", "pk": 55, "fields": {"name": "Can delete 推荐位", "content_type": 14, "codename": "delete_tui"}}, {"model": "auth.permission", "pk": 56, "fields": {"name": "Can view 推荐位", "content_type": 14, "codename": "view_tui"}}, {"model": "auth.user", "pk": 1, "fields": {"password": "pbkdf2_sha256$320000$rdNyaEFopGJLCoUav1YC0H$mwWnJsqk7ni391GIuqKHGVb4aMvuJBB16Kkj7KATtfM=", "last_login": "2022-06-29T02:07:18.042Z", "is_superuser": true, "username": "jiayidong", "first_name": "", "last_name": "", "email": "jiayidongbinbin@l163.com", "is_staff": true, "is_active": true, "date_joined": "2022-06-07T08:58:10.834Z", "groups": [], "user_permissions": []}}, {"model": "auth.user", "pk": 2, "fields": {"password": "pbkdf2_sha256$320000$avrwXmXaFxFTxxwLvyOttC$W/sCVMyL21+hejA+wiCdUJk+6jfbJGgTz2hOxw18fvU=", "last_login": null, "is_superuser": true, "username": "jiayd", "first_name": "异动", "last_name": "贾", "email": "tiancaijiayidong@l63.com", "is_staff": true, "is_active": true, "date_joined": "2022-06-29T01:16:00Z", "groups": [], "user_permissions": []}}, {"model": "contenttypes.contenttype", "pk": 1, "fields": {"app_label": "admin", "model": "logentry"}}, {"model": "contenttypes.contenttype", "pk": 2, "fields": {"app_label": "auth", "model": "permission"}}, {"model": "contenttypes.contenttype", "pk": 3, "fields": {"app_label": "auth", "model": "group"}}, {"model": "contenttypes.contenttype", "pk": 4, "fields": {"app_label": "auth", "model": "user"}}, {"model": "contenttypes.contenttype", "pk": 5, "fields": {"app_label": "contenttypes", "model": "contenttype"}}, {"model": "contenttypes.contenttype", "pk": 6, "fields": {"app_label": "sessions", "model": "session"}}, {"model": "contenttypes.contenttype", "pk": 7, "fields": {"app_label": "polls", "model": "question"}}, {"model": "contenttypes.contenttype", "pk": 8, "fields": {"app_label": "polls", "model": "choice"}}, {"model": "contenttypes.contenttype", "pk": 9, "fields": {"app_label": "polls", "model": "banner"}}, {"model": "contenttypes.contenttype", "pk": 10, "fields": {"app_label": "polls", "model": "link"}}, {"model": "contenttypes.contenttype", "pk": 11, "fields": {"app_label": "polls", "model": "article"}}, {"model": "contenttypes.contenttype", "pk": 12, "fields": {"app_label": "polls", "model": "category"}}, {"model": "contenttypes.contenttype", "pk": 13, "fields": {"app_label": "polls", "model": "tag"}}, {"model": "contenttypes.contenttype", "pk": 14, "fields": {"app_label": "polls", "model": "tui"}}, {"model": "sessions.session", "pk": "26bnn8kmuf5ioxav1j33xc6s7oqa7pe6", "fields": {"session_data": ".eJxVjDsOwjAQBe_iGln-xfFS0nMGa71r4wBypDipEHeHSCmgfTPzXiLitta49bzEicVZaHH63RLSI7cd8B3bbZY0t3WZktwVedAurzPn5-Vw_w4q9vqtwY6UYSiOgs8GBusDF49hhOB8UpqUKxaLVo48gyGvkCwq0tkEZnDi_QHVLTey:1nyV4t:lWUS0anEsqEAn0c8CZLKdAekzTa8Xyy3_Ius6zeka78", "expire_date": "2022-06-21T09:00:43.671Z"}}, {"model": "sessions.session", "pk": "3o7qvxw8uoev7lxufzgurqe4xraqjqef", "fields": {"session_data": ".eJxVjDsOwjAQBe_iGln-xfFS0nMGa71r4wBypDipEHeHSCmgfTPzXiLitta49bzEicVZaHH63RLSI7cd8B3bbZY0t3WZktwVedAurzPn5-Vw_w4q9vqtwY6UYSiOgs8GBusDF49hhOB8UpqUKxaLVo48gyGvkCwq0tkEZnDi_QHVLTey:1o4jB5:FIms61CdvOFpcedEizD5O9bFclxSHh51RYRhN3_3FSw", "expire_date": "2022-07-08T13:16:51.945Z"}}, {"model": "sessions.session", "pk": "41fqvg89o64i7am4akulp6f5q0u8jjoa", "fields": {"session_data": ".eJxVjDsOwjAQBe_iGln-xfFS0nMGa71r4wBypDipEHeHSCmgfTPzXiLitta49bzEicVZaHH63RLSI7cd8B3bbZY0t3WZktwVedAurzPn5-Vw_w4q9vqtwY6UYSiOgs8GBusDF49hhOB8UpqUKxaLVo48gyGvkCwq0tkEZnDi_QHVLTey:1o6N6s:9B9WnCMr1v9giBExH6CsdUKo3uqtcZct2Fu3-CfFzh8", "expire_date": "2022-07-13T02:07:18.080Z"}}]